CREATE TABLE CUSTOMER(ID INT PRIMARY KEY,NAME VARCHAR(50),EMAIL VARCHAR(30));
INSERT INTO CUSTOMER VALUES (1000,'Jack Wilson','connectjack@gmail.com');
INSERT INTO CUSTOMER VALUES (1001,'Tony Albert','tony82@gmail.com');
INSERT INTO CUSTOMER VALUES (1002,'Rob Terpiloswki','mailRob@yahoo.com');
INSERT INTO CUSTOMER VALUES (1003,'kacey Kemp','connectjack@gmail.com');
INSERT INTO CUSTOMER VALUES (1004,'Michelle Hilton','connectjack@gmail.com');
CREATE TABLE ITEMS(ID INT PRIMARY KEY,ITEM_NAME VARCHAR(25),ITEM_PRICE FLOAT(10));
INSERT INTO ITEMS VALUES (5000,'Hp -Laptop',550.00);
INSERT INTO ITEMS VALUES (5001,'iPhone6',335.00);
INSERT INTO ITEMS VALUES (5002,'Amazon -alexa',100.00);
INSERT INTO ITEMS VALUES (5003,'Ring-Secuirty',175.00);
CREATE TABLE CUST_ORDER(ID INT PRIMARY KEY ,PLACEMENT_DATE DATE,CUSTOMER_ID INT REFERENCES CUSTOMER);
INSERT INTO CUST_ORDER VALUES (2000,'8/21/2017',1000);
INSERT INTO CUST_ORDER VALUES (2001,'8/21/2017',1000);
INSERT INTO CUST_ORDER VALUES (2002,'8/21/2017',1002);
INSERT INTO CUST_ORDER VALUES (2003,'8/21/2017',1000);
INSERT INTO CUST_ORDER VALUES (2004,'8/21/2017',1001);
INSERT INTO CUST_ORDER VALUES (2005,'8/21/2017',1001);
INSERT INTO CUST_ORDER VALUES (2006,'8/21/2017',1002);
INSERT INTO CUST_ORDER VALUES (2007,'8/21/2017',1004);
INSERT INTO CUST_ORDER VALUES (2008,'8/21/2017',1001);
INSERT INTO CUST_ORDER VALUES (2009,'8/21/2017',1004);
INSERT INTO CUST_ORDER VALUES (2010,'8/21/2017',1003);
INSERT INTO CUST_ORDER VALUES (2011,'8/21/2017',1003);
CREATE TABLE ORDER_ITEM(ID INT PRIMARY KEY,ORDER_ID INT REFERENCES CUST_ORDER,ITEM_ID INT REFERENCES ITEMS,ITEM_COUNT INT);
INSERT INTO ORDER_ITEM VALUES (4000,2000,5001,1);
INSERT INTO ORDER_ITEM VALUES (4001,2000,5002,2);
INSERT INTO ORDER_ITEM VALUES (4002,2001,5001,2);
INSERT INTO ORDER_ITEM VALUES (4003,2002,5002,1);
INSERT INTO ORDER_ITEM VALUES (4004,2003,5002,4);
INSERT INTO ORDER_ITEM VALUES (4005,2004,5001,1);
INSERT INTO ORDER_ITEM VALUES (4006,2005,5003,5);
INSERT INTO ORDER_ITEM VALUES (4007,2005,5002,1);
INSERT INTO ORDER_ITEM VALUES (4008,2006,5003,1);


